,YearsExperience,Salary
0,1.2000000000000002,36188.16
1,1.4000000000000001,38078.15
2,1.6,39968.14
3,2.1,44693.12
4,2.3000000000000003,46583.12
5,3.0,53198.09
6,3.1,54143.09
7,3.3000000000000003,56033.08
8,3.3000000000000003,56033.08
9,3.8000000000000003,60758.06
10,4.0,62648.05
11,4.1,63593.05
12,4.1,63593.05
13,4.199999999999999,64538.05
14,4.6,68318.03
15,5.0,72098.02