,YearsExperience,Salary
0,1.2000000000000002,39344.0
1,1.4000000000000001,39344.0
2,1.6,39344.0
3,2.1,39344.0
4,2.3000000000000003,39344.0
5,3.0,39344.0
6,3.1,39344.0
7,3.3000000000000003,39344.0
8,3.3000000000000003,39344.0
9,3.8000000000000003,39344.0
10,4.0,39344.0
11,4.1,39344.0
12,4.1,39344.0
13,4.199999999999999,39344.0
14,4.6,39344.0
15,5.0,39344.0